--
-- PostgreSQL database dump
--

\restrict Tn6AivYVqnlRxLc8aQK0bv83RWdcMMURbKd7eY6l2LKvsGcYwMNvFChIwJA9ice

-- Dumped from database version 16.13 (Debian 16.13-1.pgdg13+1)
-- Dumped by pg_dump version 16.13 (Debian 16.13-1.pgdg13+1)

SET statement_timeout = 0;
SET lock_timeout = 0;
SET idle_in_transaction_session_timeout = 0;
SET client_encoding = 'UTF8';
SET standard_conforming_strings = on;
SELECT pg_catalog.set_config('search_path', '', false);
SET check_function_bodies = false;
SET xmloption = content;
SET client_min_messages = warning;
SET row_security = off;

SET default_tablespace = '';

SET default_table_access_method = heap;

--
-- Name: auth_group; Type: TABLE; Schema: public; Owner: transcendence_user
--

CREATE TABLE public.auth_group (
    id integer NOT NULL,
    name character varying(150) NOT NULL
);


ALTER TABLE public.auth_group OWNER TO transcendence_user;

--
-- Name: auth_group_id_seq; Type: SEQUENCE; Schema: public; Owner: transcendence_user
--

ALTER TABLE public.auth_group ALTER COLUMN id ADD GENERATED BY DEFAULT AS IDENTITY (
    SEQUENCE NAME public.auth_group_id_seq
    START WITH 1
    INCREMENT BY 1
    NO MINVALUE
    NO MAXVALUE
    CACHE 1
);


--
-- Name: auth_group_permissions; Type: TABLE; Schema: public; Owner: transcendence_user
--

CREATE TABLE public.auth_group_permissions (
    id bigint NOT NULL,
    group_id integer NOT NULL,
    permission_id integer NOT NULL
);


ALTER TABLE public.auth_group_permissions OWNER TO transcendence_user;

--
-- Name: auth_group_permissions_id_seq; Type: SEQUENCE; Schema: public; Owner: transcendence_user
--

ALTER TABLE public.auth_group_permissions ALTER COLUMN id ADD GENERATED BY DEFAULT AS IDENTITY (
    SEQUENCE NAME public.auth_group_permissions_id_seq
    START WITH 1
    INCREMENT BY 1
    NO MINVALUE
    NO MAXVALUE
    CACHE 1
);


--
-- Name: auth_permission; Type: TABLE; Schema: public; Owner: transcendence_user
--

CREATE TABLE public.auth_permission (
    id integer NOT NULL,
    name character varying(255) NOT NULL,
    content_type_id integer NOT NULL,
    codename character varying(100) NOT NULL
);


ALTER TABLE public.auth_permission OWNER TO transcendence_user;

--
-- Name: auth_permission_id_seq; Type: SEQUENCE; Schema: public; Owner: transcendence_user
--

ALTER TABLE public.auth_permission ALTER COLUMN id ADD GENERATED BY DEFAULT AS IDENTITY (
    SEQUENCE NAME public.auth_permission_id_seq
    START WITH 1
    INCREMENT BY 1
    NO MINVALUE
    NO MAXVALUE
    CACHE 1
);


--
-- Name: authtoken_token; Type: TABLE; Schema: public; Owner: transcendence_user
--

CREATE TABLE public.authtoken_token (
    key character varying(40) NOT NULL,
    created timestamp with time zone NOT NULL,
    user_id bigint NOT NULL
);


ALTER TABLE public.authtoken_token OWNER TO transcendence_user;

--
-- Name: django_admin_log; Type: TABLE; Schema: public; Owner: transcendence_user
--

CREATE TABLE public.django_admin_log (
    id integer NOT NULL,
    action_time timestamp with time zone NOT NULL,
    object_id text,
    object_repr character varying(200) NOT NULL,
    action_flag smallint NOT NULL,
    change_message text NOT NULL,
    content_type_id integer,
    user_id bigint NOT NULL,
    CONSTRAINT django_admin_log_action_flag_check CHECK ((action_flag >= 0))
);


ALTER TABLE public.django_admin_log OWNER TO transcendence_user;

--
-- Name: django_admin_log_id_seq; Type: SEQUENCE; Schema: public; Owner: transcendence_user
--

ALTER TABLE public.django_admin_log ALTER COLUMN id ADD GENERATED BY DEFAULT AS IDENTITY (
    SEQUENCE NAME public.django_admin_log_id_seq
    START WITH 1
    INCREMENT BY 1
    NO MINVALUE
    NO MAXVALUE
    CACHE 1
);


--
-- Name: django_content_type; Type: TABLE; Schema: public; Owner: transcendence_user
--

CREATE TABLE public.django_content_type (
    id integer NOT NULL,
    app_label character varying(100) NOT NULL,
    model character varying(100) NOT NULL
);


ALTER TABLE public.django_content_type OWNER TO transcendence_user;

--
-- Name: django_content_type_id_seq; Type: SEQUENCE; Schema: public; Owner: transcendence_user
--

ALTER TABLE public.django_content_type ALTER COLUMN id ADD GENERATED BY DEFAULT AS IDENTITY (
    SEQUENCE NAME public.django_content_type_id_seq
    START WITH 1
    INCREMENT BY 1
    NO MINVALUE
    NO MAXVALUE
    CACHE 1
);


--
-- Name: django_migrations; Type: TABLE; Schema: public; Owner: transcendence_user
--

CREATE TABLE public.django_migrations (
    id bigint NOT NULL,
    app character varying(255) NOT NULL,
    name character varying(255) NOT NULL,
    applied timestamp with time zone NOT NULL
);


ALTER TABLE public.django_migrations OWNER TO transcendence_user;

--
-- Name: django_migrations_id_seq; Type: SEQUENCE; Schema: public; Owner: transcendence_user
--

ALTER TABLE public.django_migrations ALTER COLUMN id ADD GENERATED BY DEFAULT AS IDENTITY (
    SEQUENCE NAME public.django_migrations_id_seq
    START WITH 1
    INCREMENT BY 1
    NO MINVALUE
    NO MAXVALUE
    CACHE 1
);


--
-- Name: django_session; Type: TABLE; Schema: public; Owner: transcendence_user
--

CREATE TABLE public.django_session (
    session_key character varying(40) NOT NULL,
    session_data text NOT NULL,
    expire_date timestamp with time zone NOT NULL
);


ALTER TABLE public.django_session OWNER TO transcendence_user;

--
-- Name: users_friendship; Type: TABLE; Schema: public; Owner: transcendence_user
--

CREATE TABLE public.users_friendship (
    id bigint NOT NULL,
    from_user_id bigint NOT NULL,
    to_user_id bigint NOT NULL
);


ALTER TABLE public.users_friendship OWNER TO transcendence_user;

--
-- Name: users_friendship_id_seq; Type: SEQUENCE; Schema: public; Owner: transcendence_user
--

ALTER TABLE public.users_friendship ALTER COLUMN id ADD GENERATED BY DEFAULT AS IDENTITY (
    SEQUENCE NAME public.users_friendship_id_seq
    START WITH 1
    INCREMENT BY 1
    NO MINVALUE
    NO MAXVALUE
    CACHE 1
);


--
-- Name: users_user; Type: TABLE; Schema: public; Owner: transcendence_user
--

CREATE TABLE public.users_user (
    id bigint NOT NULL,
    password character varying(128) NOT NULL,
    last_login timestamp with time zone,
    is_superuser boolean NOT NULL,
    email character varying(254) NOT NULL,
    username character varying(50) NOT NULL,
    avatar character varying(100) NOT NULL,
    is_online boolean NOT NULL,
    is_active boolean NOT NULL,
    is_staff boolean NOT NULL,
    created_at timestamp with time zone NOT NULL,
    oauth_avatar character varying(200) NOT NULL
);


ALTER TABLE public.users_user OWNER TO transcendence_user;

--
-- Name: users_user_groups; Type: TABLE; Schema: public; Owner: transcendence_user
--

CREATE TABLE public.users_user_groups (
    id bigint NOT NULL,
    user_id bigint NOT NULL,
    group_id integer NOT NULL
);


ALTER TABLE public.users_user_groups OWNER TO transcendence_user;

--
-- Name: users_user_groups_id_seq; Type: SEQUENCE; Schema: public; Owner: transcendence_user
--

ALTER TABLE public.users_user_groups ALTER COLUMN id ADD GENERATED BY DEFAULT AS IDENTITY (
    SEQUENCE NAME public.users_user_groups_id_seq
    START WITH 1
    INCREMENT BY 1
    NO MINVALUE
    NO MAXVALUE
    CACHE 1
);


--
-- Name: users_user_id_seq; Type: SEQUENCE; Schema: public; Owner: transcendence_user
--

ALTER TABLE public.users_user ALTER COLUMN id ADD GENERATED BY DEFAULT AS IDENTITY (
    SEQUENCE NAME public.users_user_id_seq
    START WITH 1
    INCREMENT BY 1
    NO MINVALUE
    NO MAXVALUE
    CACHE 1
);


--
-- Name: users_user_user_permissions; Type: TABLE; Schema: public; Owner: transcendence_user
--

CREATE TABLE public.users_user_user_permissions (
    id bigint NOT NULL,
    user_id bigint NOT NULL,
    permission_id integer NOT NULL
);


ALTER TABLE public.users_user_user_permissions OWNER TO transcendence_user;

--
-- Name: users_user_user_permissions_id_seq; Type: SEQUENCE; Schema: public; Owner: transcendence_user
--

ALTER TABLE public.users_user_user_permissions ALTER COLUMN id ADD GENERATED BY DEFAULT AS IDENTITY (
    SEQUENCE NAME public.users_user_user_permissions_id_seq
    START WITH 1
    INCREMENT BY 1
    NO MINVALUE
    NO MAXVALUE
    CACHE 1
);


--
-- Data for Name: auth_group; Type: TABLE DATA; Schema: public; Owner: transcendence_user
--

COPY public.auth_group (id, name) FROM stdin;
\.


--
-- Data for Name: auth_group_permissions; Type: TABLE DATA; Schema: public; Owner: transcendence_user
--

COPY public.auth_group_permissions (id, group_id, permission_id) FROM stdin;
\.


--
-- Data for Name: auth_permission; Type: TABLE DATA; Schema: public; Owner: transcendence_user
--

COPY public.auth_permission (id, name, content_type_id, codename) FROM stdin;
1	Can add log entry	1	add_logentry
2	Can change log entry	1	change_logentry
3	Can delete log entry	1	delete_logentry
4	Can view log entry	1	view_logentry
5	Can add permission	3	add_permission
6	Can change permission	3	change_permission
7	Can delete permission	3	delete_permission
8	Can view permission	3	view_permission
9	Can add group	2	add_group
10	Can change group	2	change_group
11	Can delete group	2	delete_group
12	Can view group	2	view_group
13	Can add content type	4	add_contenttype
14	Can change content type	4	change_contenttype
15	Can delete content type	4	delete_contenttype
16	Can view content type	4	view_contenttype
17	Can add session	5	add_session
18	Can change session	5	change_session
19	Can delete session	5	delete_session
20	Can view session	5	view_session
21	Can add Token	6	add_token
22	Can change Token	6	change_token
23	Can delete Token	6	delete_token
24	Can view Token	6	view_token
25	Can add Token	7	add_tokenproxy
26	Can change Token	7	change_tokenproxy
27	Can delete Token	7	delete_tokenproxy
28	Can view Token	7	view_tokenproxy
29	Can add user	9	add_user
30	Can change user	9	change_user
31	Can delete user	9	delete_user
32	Can view user	9	view_user
33	Can add friendship	8	add_friendship
34	Can change friendship	8	change_friendship
35	Can delete friendship	8	delete_friendship
36	Can view friendship	8	view_friendship
\.


--
-- Data for Name: authtoken_token; Type: TABLE DATA; Schema: public; Owner: transcendence_user
--

COPY public.authtoken_token (key, created, user_id) FROM stdin;
ecd1de68beef2b3a715f9c805b6abc7ca759549f	2026-04-20 13:45:14.253216+00	2
\.


--
-- Data for Name: django_admin_log; Type: TABLE DATA; Schema: public; Owner: transcendence_user
--

COPY public.django_admin_log (id, action_time, object_id, object_repr, action_flag, change_message, content_type_id, user_id) FROM stdin;
\.


--
-- Data for Name: django_content_type; Type: TABLE DATA; Schema: public; Owner: transcendence_user
--

COPY public.django_content_type (id, app_label, model) FROM stdin;
1	admin	logentry
2	auth	group
3	auth	permission
4	contenttypes	contenttype
5	sessions	session
6	authtoken	token
7	authtoken	tokenproxy
8	users	friendship
9	users	user
\.


--
-- Data for Name: django_migrations; Type: TABLE DATA; Schema: public; Owner: transcendence_user
--

COPY public.django_migrations (id, app, name, applied) FROM stdin;
1	contenttypes	0001_initial	2026-04-20 07:40:24.150174+00
2	contenttypes	0002_remove_content_type_name	2026-04-20 07:40:24.170654+00
3	auth	0001_initial	2026-04-20 07:40:24.408377+00
4	auth	0002_alter_permission_name_max_length	2026-04-20 07:40:24.428668+00
5	auth	0003_alter_user_email_max_length	2026-04-20 07:40:24.447867+00
6	auth	0004_alter_user_username_opts	2026-04-20 07:40:24.467967+00
7	auth	0005_alter_user_last_login_null	2026-04-20 07:40:24.488069+00
8	auth	0006_require_contenttypes_0002	2026-04-20 07:40:24.505476+00
9	auth	0007_alter_validators_add_error_messages	2026-04-20 07:40:24.526193+00
10	auth	0008_alter_user_username_max_length	2026-04-20 07:40:24.546194+00
11	auth	0009_alter_user_last_name_max_length	2026-04-20 07:40:24.566011+00
12	auth	0010_alter_group_name_max_length	2026-04-20 07:40:24.586209+00
13	auth	0011_update_proxy_permissions	2026-04-20 07:40:24.606052+00
14	auth	0012_alter_user_first_name_max_length	2026-04-20 07:40:24.626777+00
15	users	0001_initial	2026-04-20 07:40:25.028285+00
16	admin	0001_initial	2026-04-20 07:40:25.219389+00
17	admin	0002_logentry_remove_auto_add	2026-04-20 07:40:25.241066+00
18	admin	0003_logentry_add_action_flag_choices	2026-04-20 07:40:25.262716+00
19	authtoken	0001_initial	2026-04-20 07:40:25.35733+00
20	authtoken	0002_auto_20160226_1747	2026-04-20 07:40:25.393224+00
21	authtoken	0003_tokenproxy	2026-04-20 07:40:25.410904+00
22	authtoken	0004_alter_tokenproxy_options	2026-04-20 07:40:25.431889+00
23	sessions	0001_initial	2026-04-20 07:40:25.539239+00
24	users	0002_alter_user_avatar	2026-04-20 07:40:25.662625+00
25	users	0003_user_oauth_avatar	2026-04-20 07:40:25.685915+00
\.


--
-- Data for Name: django_session; Type: TABLE DATA; Schema: public; Owner: transcendence_user
--

COPY public.django_session (session_key, session_data, expire_date) FROM stdin;
pizp73x8fmuior4qeexx5a036dngv2j4	eyJvYXV0aF9zdGF0ZV9naXRodWIiOiJnaXRodWI6T2NaT3FkQ0NZVXZQOUl6eFhTX185ZUszNlZsQUo3TmEifQ:1wEopd:oMRRtiVov_3__4NEMS0Ms-99jPyqe4exGCQuxf15hYs	2026-05-04 13:38:33.279711+00
0d399lhsdn5rmhvhaw6984hhfxnti9rw	eyJvYXV0aF9zdGF0ZV9naXRodWIiOiJnaXRodWI6SjZWUktCXzhNNnJGNTJMYzFiU0ZDaldVUGVJZHZ6cS0ifQ:1wEorD:UDIExDneSLlgGzKs1bTFb_UmrZGhG77dpcvQk2UICkk	2026-05-04 13:40:11.810723+00
0p6zdqb7a94sg85a6c39l82rff9tnm3k	eyJvYXV0aF9zdGF0ZV9naXRodWIiOiJnaXRodWI6MDBRRDhBWmVKVUJCNlVHcXBZSVFfUmV1WUJtNXV6STkifQ:1wEotW:mnrkHidn-Q5WxDItFin_SsOwZIRxpWUP687tAWRisUU	2026-05-04 13:42:34.479399+00
8glhd3vmv03629xumupiv317tipdd8wu	eyJvYXV0aF9zdGF0ZV9naXRodWIiOiJnaXRodWI6Z291WHp5X2hwQ0JJZXF0TFZKOEZpR1l0b3ByM0NyNGoifQ:1wEoyl:EST5qTQGm5HyF3tsZ9z413qxx4hccRjWHqjExWunm_A	2026-05-04 13:47:59.032918+00
1ayt88g1sivrn4luvhy7s9zipct8trtb	eyJvYXV0aF9zdGF0ZV80MiI6IjQyOloxbWo2T19lM0FFaDZGc19YcWx5Q1VZSHNCYlR3RVJiIn0:1wF6ID:cZnZMIvEO26WdlxOzL0KFDA11y2M1wES97RddVfKJQ8	2026-05-05 08:17:13.130488+00
utfgrprr809r8gpbqo47svq0medvvddm	e30:1wF6TZ:kf_A80oV8PhmP7i3X44EvLmCx5SzPbZKnBdkokFOYWE	2026-05-05 08:28:57.186401+00
7ruyijy0ixeb551qi9aapj35ktcr17bh	e30:1wF6Y7:kZkxVY5dcCcGAV6ZtaCQ_My2f1FTn7EZbZedE2Ssu9w	2026-05-05 08:33:39.995164+00
\.


--
-- Data for Name: users_friendship; Type: TABLE DATA; Schema: public; Owner: transcendence_user
--

COPY public.users_friendship (id, from_user_id, to_user_id) FROM stdin;
\.


--
-- Data for Name: users_user; Type: TABLE DATA; Schema: public; Owner: transcendence_user
--

COPY public.users_user (id, password, last_login, is_superuser, email, username, avatar, is_online, is_active, is_staff, created_at, oauth_avatar) FROM stdin;
1	pbkdf2_sha256$1200000$vCEppXejIYy2YrMqd9yk2w$Jgxa2cEbB6TSQk48yWP2pCNcVOmJ8NQ/wEwt+rKZeVI=	\N	f	thaur@gmx.de	thaur@gmx.de	avatars/apnb6a_uweIphF.jpg	f	t	f	2026-04-20 07:50:23.111684+00	
2	pbkdf2_sha256$1200000$iSi6bZ98HB3l0KcmYRBP4o$kSgCIVK+8+XXxKBzuNXWJlvNdmwl4fbcz+JJsC8Q2qQ=	\N	f	copilot_test_user@example.com			t	t	f	2026-04-20 13:45:14.207177+00	
3		\N	f	claas.stommer@googlemail.com			f	t	f	2026-04-21 08:28:36.923568+00	https://avatars.githubusercontent.com/u/175417500?v=4
\.


--
-- Data for Name: users_user_groups; Type: TABLE DATA; Schema: public; Owner: transcendence_user
--

COPY public.users_user_groups (id, user_id, group_id) FROM stdin;
\.


--
-- Data for Name: users_user_user_permissions; Type: TABLE DATA; Schema: public; Owner: transcendence_user
--

COPY public.users_user_user_permissions (id, user_id, permission_id) FROM stdin;
\.


--
-- Name: auth_group_id_seq; Type: SEQUENCE SET; Schema: public; Owner: transcendence_user
--

SELECT pg_catalog.setval('public.auth_group_id_seq', 1, false);


--
-- Name: auth_group_permissions_id_seq; Type: SEQUENCE SET; Schema: public; Owner: transcendence_user
--

SELECT pg_catalog.setval('public.auth_group_permissions_id_seq', 1, false);


--
-- Name: auth_permission_id_seq; Type: SEQUENCE SET; Schema: public; Owner: transcendence_user
--

SELECT pg_catalog.setval('public.auth_permission_id_seq', 36, true);


--
-- Name: django_admin_log_id_seq; Type: SEQUENCE SET; Schema: public; Owner: transcendence_user
--

SELECT pg_catalog.setval('public.django_admin_log_id_seq', 1, false);


--
-- Name: django_content_type_id_seq; Type: SEQUENCE SET; Schema: public; Owner: transcendence_user
--

SELECT pg_catalog.setval('public.django_content_type_id_seq', 9, true);


--
-- Name: django_migrations_id_seq; Type: SEQUENCE SET; Schema: public; Owner: transcendence_user
--

SELECT pg_catalog.setval('public.django_migrations_id_seq', 25, true);


--
-- Name: users_friendship_id_seq; Type: SEQUENCE SET; Schema: public; Owner: transcendence_user
--

SELECT pg_catalog.setval('public.users_friendship_id_seq', 1, false);


--
-- Name: users_user_groups_id_seq; Type: SEQUENCE SET; Schema: public; Owner: transcendence_user
--

SELECT pg_catalog.setval('public.users_user_groups_id_seq', 1, false);


--
-- Name: users_user_id_seq; Type: SEQUENCE SET; Schema: public; Owner: transcendence_user
--

SELECT pg_catalog.setval('public.users_user_id_seq', 3, true);


--
-- Name: users_user_user_permissions_id_seq; Type: SEQUENCE SET; Schema: public; Owner: transcendence_user
--

SELECT pg_catalog.setval('public.users_user_user_permissions_id_seq', 1, false);


--
-- Name: auth_group auth_group_name_key; Type: CONSTRAINT; Schema: public; Owner: transcendence_user
--

ALTER TABLE ONLY public.auth_group
    ADD CONSTRAINT auth_group_name_key UNIQUE (name);


--
-- Name: auth_group_permissions auth_group_permissions_group_id_permission_id_0cd325b0_uniq; Type: CONSTRAINT; Schema: public; Owner: transcendence_user
--

ALTER TABLE ONLY public.auth_group_permissions
    ADD CONSTRAINT auth_group_permissions_group_id_permission_id_0cd325b0_uniq UNIQUE (group_id, permission_id);


--
-- Name: auth_group_permissions auth_group_permissions_pkey; Type: CONSTRAINT; Schema: public; Owner: transcendence_user
--

ALTER TABLE ONLY public.auth_group_permissions
    ADD CONSTRAINT auth_group_permissions_pkey PRIMARY KEY (id);


--
-- Name: auth_group auth_group_pkey; Type: CONSTRAINT; Schema: public; Owner: transcendence_user
--

ALTER TABLE ONLY public.auth_group
    ADD CONSTRAINT auth_group_pkey PRIMARY KEY (id);


--
-- Name: auth_permission auth_permission_content_type_id_codename_01ab375a_uniq; Type: CONSTRAINT; Schema: public; Owner: transcendence_user
--

ALTER TABLE ONLY public.auth_permission
    ADD CONSTRAINT auth_permission_content_type_id_codename_01ab375a_uniq UNIQUE (content_type_id, codename);


--
-- Name: auth_permission auth_permission_pkey; Type: CONSTRAINT; Schema: public; Owner: transcendence_user
--

ALTER TABLE ONLY public.auth_permission
    ADD CONSTRAINT auth_permission_pkey PRIMARY KEY (id);


--
-- Name: authtoken_token authtoken_token_pkey; Type: CONSTRAINT; Schema: public; Owner: transcendence_user
--

ALTER TABLE ONLY public.authtoken_token
    ADD CONSTRAINT authtoken_token_pkey PRIMARY KEY (key);


--
-- Name: authtoken_token authtoken_token_user_id_key; Type: CONSTRAINT; Schema: public; Owner: transcendence_user
--

ALTER TABLE ONLY public.authtoken_token
    ADD CONSTRAINT authtoken_token_user_id_key UNIQUE (user_id);


--
-- Name: django_admin_log django_admin_log_pkey; Type: CONSTRAINT; Schema: public; Owner: transcendence_user
--

ALTER TABLE ONLY public.django_admin_log
    ADD CONSTRAINT django_admin_log_pkey PRIMARY KEY (id);


--
-- Name: django_content_type django_content_type_app_label_model_76bd3d3b_uniq; Type: CONSTRAINT; Schema: public; Owner: transcendence_user
--

ALTER TABLE ONLY public.django_content_type
    ADD CONSTRAINT django_content_type_app_label_model_76bd3d3b_uniq UNIQUE (app_label, model);


--
-- Name: django_content_type django_content_type_pkey; Type: CONSTRAINT; Schema: public; Owner: transcendence_user
--

ALTER TABLE ONLY public.django_content_type
    ADD CONSTRAINT django_content_type_pkey PRIMARY KEY (id);


--
-- Name: django_migrations django_migrations_pkey; Type: CONSTRAINT; Schema: public; Owner: transcendence_user
--

ALTER TABLE ONLY public.django_migrations
    ADD CONSTRAINT django_migrations_pkey PRIMARY KEY (id);


--
-- Name: django_session django_session_pkey; Type: CONSTRAINT; Schema: public; Owner: transcendence_user
--

ALTER TABLE ONLY public.django_session
    ADD CONSTRAINT django_session_pkey PRIMARY KEY (session_key);


--
-- Name: users_friendship users_friendship_from_user_id_to_user_id_ce91bbe5_uniq; Type: CONSTRAINT; Schema: public; Owner: transcendence_user
--

ALTER TABLE ONLY public.users_friendship
    ADD CONSTRAINT users_friendship_from_user_id_to_user_id_ce91bbe5_uniq UNIQUE (from_user_id, to_user_id);


--
-- Name: users_friendship users_friendship_pkey; Type: CONSTRAINT; Schema: public; Owner: transcendence_user
--

ALTER TABLE ONLY public.users_friendship
    ADD CONSTRAINT users_friendship_pkey PRIMARY KEY (id);


--
-- Name: users_user users_user_email_key; Type: CONSTRAINT; Schema: public; Owner: transcendence_user
--

ALTER TABLE ONLY public.users_user
    ADD CONSTRAINT users_user_email_key UNIQUE (email);


--
-- Name: users_user_groups users_user_groups_pkey; Type: CONSTRAINT; Schema: public; Owner: transcendence_user
--

ALTER TABLE ONLY public.users_user_groups
    ADD CONSTRAINT users_user_groups_pkey PRIMARY KEY (id);


--
-- Name: users_user_groups users_user_groups_user_id_group_id_b88eab82_uniq; Type: CONSTRAINT; Schema: public; Owner: transcendence_user
--

ALTER TABLE ONLY public.users_user_groups
    ADD CONSTRAINT users_user_groups_user_id_group_id_b88eab82_uniq UNIQUE (user_id, group_id);


--
-- Name: users_user users_user_pkey; Type: CONSTRAINT; Schema: public; Owner: transcendence_user
--

ALTER TABLE ONLY public.users_user
    ADD CONSTRAINT users_user_pkey PRIMARY KEY (id);


--
-- Name: users_user_user_permissions users_user_user_permissions_pkey; Type: CONSTRAINT; Schema: public; Owner: transcendence_user
--

ALTER TABLE ONLY public.users_user_user_permissions
    ADD CONSTRAINT users_user_user_permissions_pkey PRIMARY KEY (id);


--
-- Name: users_user_user_permissions users_user_user_permissions_user_id_permission_id_43338c45_uniq; Type: CONSTRAINT; Schema: public; Owner: transcendence_user
--

ALTER TABLE ONLY public.users_user_user_permissions
    ADD CONSTRAINT users_user_user_permissions_user_id_permission_id_43338c45_uniq UNIQUE (user_id, permission_id);


--
-- Name: auth_group_name_a6ea08ec_like; Type: INDEX; Schema: public; Owner: transcendence_user
--

CREATE INDEX auth_group_name_a6ea08ec_like ON public.auth_group USING btree (name varchar_pattern_ops);


--
-- Name: auth_group_permissions_group_id_b120cbf9; Type: INDEX; Schema: public; Owner: transcendence_user
--

CREATE INDEX auth_group_permissions_group_id_b120cbf9 ON public.auth_group_permissions USING btree (group_id);


--
-- Name: auth_group_permissions_permission_id_84c5c92e; Type: INDEX; Schema: public; Owner: transcendence_user
--

CREATE INDEX auth_group_permissions_permission_id_84c5c92e ON public.auth_group_permissions USING btree (permission_id);


--
-- Name: auth_permission_content_type_id_2f476e4b; Type: INDEX; Schema: public; Owner: transcendence_user
--

CREATE INDEX auth_permission_content_type_id_2f476e4b ON public.auth_permission USING btree (content_type_id);


--
-- Name: authtoken_token_key_10f0b77e_like; Type: INDEX; Schema: public; Owner: transcendence_user
--

CREATE INDEX authtoken_token_key_10f0b77e_like ON public.authtoken_token USING btree (key varchar_pattern_ops);


--
-- Name: django_admin_log_content_type_id_c4bce8eb; Type: INDEX; Schema: public; Owner: transcendence_user
--

CREATE INDEX django_admin_log_content_type_id_c4bce8eb ON public.django_admin_log USING btree (content_type_id);


--
-- Name: django_admin_log_user_id_c564eba6; Type: INDEX; Schema: public; Owner: transcendence_user
--

CREATE INDEX django_admin_log_user_id_c564eba6 ON public.django_admin_log USING btree (user_id);


--
-- Name: django_session_expire_date_a5c62663; Type: INDEX; Schema: public; Owner: transcendence_user
--

CREATE INDEX django_session_expire_date_a5c62663 ON public.django_session USING btree (expire_date);


--
-- Name: django_session_session_key_c0390e0f_like; Type: INDEX; Schema: public; Owner: transcendence_user
--

CREATE INDEX django_session_session_key_c0390e0f_like ON public.django_session USING btree (session_key varchar_pattern_ops);


--
-- Name: users_friendship_from_user_id_93aff691; Type: INDEX; Schema: public; Owner: transcendence_user
--

CREATE INDEX users_friendship_from_user_id_93aff691 ON public.users_friendship USING btree (from_user_id);


--
-- Name: users_friendship_to_user_id_cf434b81; Type: INDEX; Schema: public; Owner: transcendence_user
--

CREATE INDEX users_friendship_to_user_id_cf434b81 ON public.users_friendship USING btree (to_user_id);


--
-- Name: users_user_email_243f6e77_like; Type: INDEX; Schema: public; Owner: transcendence_user
--

CREATE INDEX users_user_email_243f6e77_like ON public.users_user USING btree (email varchar_pattern_ops);


--
-- Name: users_user_groups_group_id_9afc8d0e; Type: INDEX; Schema: public; Owner: transcendence_user
--

CREATE INDEX users_user_groups_group_id_9afc8d0e ON public.users_user_groups USING btree (group_id);


--
-- Name: users_user_groups_user_id_5f6f5a90; Type: INDEX; Schema: public; Owner: transcendence_user
--

CREATE INDEX users_user_groups_user_id_5f6f5a90 ON public.users_user_groups USING btree (user_id);


--
-- Name: users_user_user_permissions_permission_id_0b93982e; Type: INDEX; Schema: public; Owner: transcendence_user
--

CREATE INDEX users_user_user_permissions_permission_id_0b93982e ON public.users_user_user_permissions USING btree (permission_id);


--
-- Name: users_user_user_permissions_user_id_20aca447; Type: INDEX; Schema: public; Owner: transcendence_user
--

CREATE INDEX users_user_user_permissions_user_id_20aca447 ON public.users_user_user_permissions USING btree (user_id);


--
-- Name: auth_group_permissions auth_group_permissio_permission_id_84c5c92e_fk_auth_perm; Type: FK CONSTRAINT; Schema: public; Owner: transcendence_user
--

ALTER TABLE ONLY public.auth_group_permissions
    ADD CONSTRAINT auth_group_permissio_permission_id_84c5c92e_fk_auth_perm FOREIGN KEY (permission_id) REFERENCES public.auth_permission(id) DEFERRABLE INITIALLY DEFERRED;


--
-- Name: auth_group_permissions auth_group_permissions_group_id_b120cbf9_fk_auth_group_id; Type: FK CONSTRAINT; Schema: public; Owner: transcendence_user
--

ALTER TABLE ONLY public.auth_group_permissions
    ADD CONSTRAINT auth_group_permissions_group_id_b120cbf9_fk_auth_group_id FOREIGN KEY (group_id) REFERENCES public.auth_group(id) DEFERRABLE INITIALLY DEFERRED;


--
-- Name: auth_permission auth_permission_content_type_id_2f476e4b_fk_django_co; Type: FK CONSTRAINT; Schema: public; Owner: transcendence_user
--

ALTER TABLE ONLY public.auth_permission
    ADD CONSTRAINT auth_permission_content_type_id_2f476e4b_fk_django_co FOREIGN KEY (content_type_id) REFERENCES public.django_content_type(id) DEFERRABLE INITIALLY DEFERRED;


--
-- Name: authtoken_token authtoken_token_user_id_35299eff_fk_users_user_id; Type: FK CONSTRAINT; Schema: public; Owner: transcendence_user
--

ALTER TABLE ONLY public.authtoken_token
    ADD CONSTRAINT authtoken_token_user_id_35299eff_fk_users_user_id FOREIGN KEY (user_id) REFERENCES public.users_user(id) DEFERRABLE INITIALLY DEFERRED;


--
-- Name: django_admin_log django_admin_log_content_type_id_c4bce8eb_fk_django_co; Type: FK CONSTRAINT; Schema: public; Owner: transcendence_user
--

ALTER TABLE ONLY public.django_admin_log
    ADD CONSTRAINT django_admin_log_content_type_id_c4bce8eb_fk_django_co FOREIGN KEY (content_type_id) REFERENCES public.django_content_type(id) DEFERRABLE INITIALLY DEFERRED;


--
-- Name: django_admin_log django_admin_log_user_id_c564eba6_fk_users_user_id; Type: FK CONSTRAINT; Schema: public; Owner: transcendence_user
--

ALTER TABLE ONLY public.django_admin_log
    ADD CONSTRAINT django_admin_log_user_id_c564eba6_fk_users_user_id FOREIGN KEY (user_id) REFERENCES public.users_user(id) DEFERRABLE INITIALLY DEFERRED;


--
-- Name: users_friendship users_friendship_from_user_id_93aff691_fk_users_user_id; Type: FK CONSTRAINT; Schema: public; Owner: transcendence_user
--

ALTER TABLE ONLY public.users_friendship
    ADD CONSTRAINT users_friendship_from_user_id_93aff691_fk_users_user_id FOREIGN KEY (from_user_id) REFERENCES public.users_user(id) DEFERRABLE INITIALLY DEFERRED;


--
-- Name: users_friendship users_friendship_to_user_id_cf434b81_fk_users_user_id; Type: FK CONSTRAINT; Schema: public; Owner: transcendence_user
--

ALTER TABLE ONLY public.users_friendship
    ADD CONSTRAINT users_friendship_to_user_id_cf434b81_fk_users_user_id FOREIGN KEY (to_user_id) REFERENCES public.users_user(id) DEFERRABLE INITIALLY DEFERRED;


--
-- Name: users_user_groups users_user_groups_group_id_9afc8d0e_fk_auth_group_id; Type: FK CONSTRAINT; Schema: public; Owner: transcendence_user
--

ALTER TABLE ONLY public.users_user_groups
    ADD CONSTRAINT users_user_groups_group_id_9afc8d0e_fk_auth_group_id FOREIGN KEY (group_id) REFERENCES public.auth_group(id) DEFERRABLE INITIALLY DEFERRED;


--
-- Name: users_user_groups users_user_groups_user_id_5f6f5a90_fk_users_user_id; Type: FK CONSTRAINT; Schema: public; Owner: transcendence_user
--

ALTER TABLE ONLY public.users_user_groups
    ADD CONSTRAINT users_user_groups_user_id_5f6f5a90_fk_users_user_id FOREIGN KEY (user_id) REFERENCES public.users_user(id) DEFERRABLE INITIALLY DEFERRED;


--
-- Name: users_user_user_permissions users_user_user_perm_permission_id_0b93982e_fk_auth_perm; Type: FK CONSTRAINT; Schema: public; Owner: transcendence_user
--

ALTER TABLE ONLY public.users_user_user_permissions
    ADD CONSTRAINT users_user_user_perm_permission_id_0b93982e_fk_auth_perm FOREIGN KEY (permission_id) REFERENCES public.auth_permission(id) DEFERRABLE INITIALLY DEFERRED;


--
-- Name: users_user_user_permissions users_user_user_permissions_user_id_20aca447_fk_users_user_id; Type: FK CONSTRAINT; Schema: public; Owner: transcendence_user
--

ALTER TABLE ONLY public.users_user_user_permissions
    ADD CONSTRAINT users_user_user_permissions_user_id_20aca447_fk_users_user_id FOREIGN KEY (user_id) REFERENCES public.users_user(id) DEFERRABLE INITIALLY DEFERRED;


--
-- PostgreSQL database dump complete
--

\unrestrict Tn6AivYVqnlRxLc8aQK0bv83RWdcMMURbKd7eY6l2LKvsGcYwMNvFChIwJA9ice

